ra,dec,sigra,sigdec,sigradec,w1mpro,w1sigmpro,w1snr,w1rchi2,w2mpro,w2sigmpro,w2snr,w2rchi2,nb,na,cc_flags,ph_qual,qual_frame,mjd,allwise_cntr,w1mpro_allwise,w1sigmpro_allwise,w2mpro_allwise,w2sigmpro_allwise,w3mpro_allwise,w3sigmpro_allwise,w4mpro_allwise,w4sigmpro_allwise,tmass_key,j_m_2mass,j_msig_2mass,h_m_2mass,h_msig_2mass,k_m_2mass,k_msig_2mass,dist,angle
324.6018567,25.3786556,0.0623,0.0559,-0.0226,12.397,0.025,43.6,1.210E+00,12.309,0.043,25.0,7.320E-01,1,0,0000,AA,10,57171.28994838,3250125701351015187,12.414,0.023,12.432,0.024,11.961,0.275,8.590,null,89929604,13.003,0.0218,12.622,0.0207,12.512,0.0256,0.019195,214.122402
324.6018553,25.3786568,0.0590,0.0534,-0.0166,12.406,0.021,51.4,5.225E-01,12.402,0.054,20.2,4.285E-01,1,0,0000,AA,10,56808.55899155,3250125701351015187,12.414,0.023,12.432,0.024,11.961,0.275,8.590,null,89929604,13.003,0.0218,12.622,0.0207,12.512,0.0256,0.019195,232.999242
324.6018559,25.3786656,0.0743,0.0584,-0.0168,12.407,0.025,42.6,8.491E-01,12.431,0.057,19.0,8.487E-01,1,0,0000,AA,10,57534.82229602,3250125701351015187,12.414,0.023,12.432,0.024,11.961,0.275,8.590,null,89929604,13.003,0.0218,12.622,0.0207,12.512,0.0256,0.024201,326.515868
324.6018492,25.3786588,0.0674,0.0594,-0.0181,12.424,0.025,42.8,1.045E+00,12.362,0.050,21.6,7.886E-01,1,0,0000,AA,10,57708.08014894,3250125701351015187,12.414,0.023,12.432,0.024,11.961,0.275,8.590,null,89929604,13.003,0.0218,12.622,0.0207,12.512,0.0256,0.035446,262.989015
324.6018491,25.3786583,0.0680,0.0645,-0.0256,12.408,0.026,41.9,9.114E-01,12.403,0.046,23.7,8.271E-01,1,0,0000,AA,10,58068.99949707,3250125701351015187,12.414,0.023,12.432,0.024,11.961,0.275,8.590,null,89929604,13.003,0.0218,12.622,0.0207,12.512,0.0256,0.035975,260.205999
324.6018536,25.3786516,0.0631,0.0583,-0.0195,12.480,0.025,43.8,1.178E+00,12.556,0.062,17.6,4.711E-01,1,0,0000,AA,10,57170.43678508,3250125701351015187,12.414,0.023,12.432,0.024,11.961,0.275,8.590,null,89929604,13.003,0.0218,12.622,0.0207,12.512,0.0256,0.036755,214.542637
324.6018584,25.3786497,0.0659,0.0657,-0.0196,12.456,0.027,40.6,2.253E+00,12.416,0.048,22.6,6.656E-01,1,0,0000,AA,10,57707.62160396,3250125701351015187,12.414,0.023,12.432,0.024,11.961,0.275,8.590,null,89929604,13.003,0.0218,12.622,0.0207,12.512,0.0256,0.037392,187.989207
324.6018501,25.3786544,0.0766,0.0838,0.0191,12.680,0.030,36.5,1.830E+01,12.741,0.065,16.6,3.088E+00,1,0,0000,AA,0,57535.34641918,3250125701351015187,12.414,0.023,12.432,0.024,11.961,0.275,8.590,null,89929604,13.003,0.0218,12.622,0.0207,12.512,0.0256,0.038018,237.950306
324.6018692,25.3786530,0.0619,0.0538,-0.0158,12.409,0.024,45.1,7.936E-01,12.373,0.045,24.2,8.531E-01,1,0,0000,AA,10,56987.44299858,3250125701351015187,12.414,0.023,12.432,0.024,11.961,0.275,8.590,null,89929604,13.003,0.0218,12.622,0.0207,12.512,0.0256,0.039120,130.102080
324.6018481,25.3786583,0.0589,0.0557,-0.0090,12.422,0.023,46.3,7.968E-01,12.421,0.045,23.9,9.626E-01,1,0,0000,AA,10,57170.30562718,3250125701351015187,12.414,0.023,12.432,0.024,11.961,0.275,8.590,null,89929604,13.003,0.0218,12.622,0.0207,12.512,0.0256,0.039241,261.014999
324.6018559,25.3786494,0.0707,0.0639,-0.0083,12.415,0.027,40.0,2.357E+00,12.500,0.065,16.6,9.169E-01,1,0,0000,AA,10,58633.94281191,3250125701351015187,12.414,0.023,12.432,0.024,11.961,0.275,8.590,null,89929604,13.003,0.0218,12.622,0.0207,12.512,0.0256,0.040427,199.262738
324.6018602,25.3786471,0.0596,0.0557,-0.0188,12.450,0.022,48.3,2.282E+00,12.550,0.045,24.3,1.175E+00,1,0,0000,AA,5,56809.01957243,3250125701351015187,12.414,0.023,12.432,0.024,11.961,0.275,8.590,null,89929604,13.003,0.0218,12.622,0.0207,12.512,0.0256,0.046410,179.197472
324.6018545,25.3786478,0.0587,0.0604,-0.0122,12.416,0.024,45.2,1.030E+00,12.490,0.048,22.7,9.920E-01,1,0,0000,AA,10,57170.56807036,3250125701351015187,12.414,0.023,12.432,0.024,11.961,0.275,8.590,null,89929604,13.003,0.0218,12.622,0.0207,12.512,0.0256,0.047417,202.161724
324.6018674,25.3786715,0.0640,0.0647,-0.0356,12.396,0.025,43.7,3.747E-01,12.483,0.046,23.7,1.165E+00,1,0,0000,AA,10,56808.82219845,3250125701351015187,12.414,0.023,12.432,0.024,11.961,0.275,8.590,null,89929604,13.003,0.0218,12.622,0.0207,12.512,0.0256,0.047912,30.172834
324.6018448,25.3786607,0.0790,0.0711,-0.0420,12.422,0.029,37.8,1.051E+00,12.421,0.083,13.0,4.623E-01,1,0,0000,AA,10,57538.22934822,3250125701351015187,12.414,0.023,12.432,0.024,11.961,0.275,8.590,null,89929604,13.003,0.0218,12.622,0.0207,12.512,0.0256,0.049465,272.917938
324.6018505,25.3786487,0.0605,0.0522,-0.0152,12.398,0.021,50.6,1.278E+00,12.501,0.058,18.7,9.451E-01,1,0,0000,AA,10,56808.88803204,3250125701351015187,12.414,0.023,12.432,0.024,11.961,0.275,8.590,null,89929604,13.003,0.0218,12.622,0.0207,12.512,0.0256,0.051062,217.219414
324.6018511,25.3786482,0.0689,0.0669,-0.0195,12.433,0.027,39.6,3.480E+00,12.560,0.054,20.0,1.181E+00,1,0,0000,AA,10,58266.74498242,3250125701351015187,12.414,0.023,12.432,0.024,11.961,0.275,8.590,null,89929604,13.003,0.0218,12.622,0.0207,12.512,0.0256,0.051431,214.272462
324.6018675,25.3786473,0.0596,0.0545,-0.0147,12.389,0.023,47.5,1.017E+00,12.384,0.045,24.2,9.883E-01,1,0,0000,AA,10,56986.91709203,3250125701351015187,12.414,0.023,12.432,0.024,11.961,0.275,8.590,null,89929604,13.003,0.0218,12.622,0.0207,12.512,0.0256,0.051797,151.917399
324.6018554,25.3786738,0.0813,0.0700,-0.0079,12.369,0.034,32.3,1.058E+00,12.514,0.067,16.2,8.956E-01,1,0,0000,AA,10,57537.83625626,3250125701351015187,12.414,0.023,12.432,0.024,11.961,0.275,8.590,null,89929604,13.003,0.0218,12.622,0.0207,12.512,0.0256,0.051888,343.239539
324.6018526,25.3786472,0.0703,0.0586,-0.0205,12.410,0.024,46.2,7.940E-01,12.507,0.063,17.1,3.099E-01,1,0,0000,AA,10,57537.77067727,3250125701351015187,12.414,0.023,12.432,0.024,11.961,0.275,8.590,null,89929604,13.003,0.0218,12.622,0.0207,12.512,0.0256,0.051979,207.579555
324.6018425,25.3786631,0.0543,0.0526,-0.0212,12.428,0.022,48.7,2.120E+00,12.549,0.046,23.7,9.768E-01,1,0,0000,AA,10,56809.08540602,3250125701351015187,12.414,0.023,12.432,0.024,11.961,0.275,8.590,null,89929604,13.003,0.0218,12.622,0.0207,12.512,0.0256,0.057992,281.092932
324.6018433,25.3786668,0.0647,0.0590,-0.0293,12.416,0.025,43.0,1.506E+00,12.467,0.046,23.8,3.102E-01,1,0,0000,AA,10,57349.17232144,3250125701351015187,12.414,0.023,12.432,0.024,11.961,0.275,8.590,null,89929604,13.003,0.0218,12.622,0.0207,12.512,0.0256,0.059599,294.260063
324.6018429,25.3786537,0.0686,0.0634,-0.0274,12.426,0.025,42.8,1.694E+00,12.512,0.049,22.1,9.679E-01,1,0,0000,AA,10,57348.91013184,3250125701351015187,12.414,0.023,12.432,0.024,11.961,0.275,8.590,null,89929604,13.003,0.0218,12.622,0.0207,12.512,0.0256,0.060073,247.815685
324.6018566,25.3786434,0.1040,0.0802,0.0316,12.408,0.049,22.4,8.746E-01,12.482,0.061,17.8,6.322E-01,1,0,0000,AA,10,57534.88787501,3250125701351015187,12.414,0.023,12.432,0.024,11.961,0.275,8.590,null,89929604,13.003,0.0218,12.622,0.0207,12.512,0.0256,0.060776,190.484166
324.6018497,25.3786451,0.0749,0.0618,-0.0300,12.440,0.025,42.9,1.374E+00,12.470,0.055,19.7,5.971E-01,1,0,0000,AA,10,58633.15790178,3250125701351015187,12.414,0.023,12.432,0.024,11.961,0.275,8.590,null,89929604,13.003,0.0218,12.622,0.0207,12.512,0.0256,0.063214,211.987405
324.6018406,25.3786636,0.0637,0.0571,-0.0152,12.439,0.023,46.6,8.984E-01,12.381,0.047,23.2,5.083E-01,1,0,0000,AA,10,56986.98279852,3250125701351015187,12.414,0.023,12.432,0.024,11.961,0.275,8.590,null,89929604,13.003,0.0218,12.622,0.0207,12.512,0.0256,0.064399,281.606462
324.6018409,25.3786553,0.0766,0.0831,-0.0214,12.389,0.033,32.9,1.558E+00,12.490,0.055,19.9,4.598E-01,1,0,0000,AA,10,57902.40259899,3250125701351015187,12.414,0.023,12.432,0.024,11.961,0.275,8.590,null,89929604,13.003,0.0218,12.622,0.0207,12.512,0.0256,0.064399,254.764627
324.6018403,25.3786565,0.0603,0.0671,0.0171,12.443,0.030,36.2,7.022E-01,12.439,0.048,22.4,8.012E-01,1,0,0000,AA,10,58429.72951313,3250125701351015187,12.414,0.023,12.432,0.024,11.961,0.275,8.590,null,89929604,13.003,0.0218,12.622,0.0207,12.512,0.0256,0.065273,258.875195
324.6018793,25.3786524,0.0716,0.0700,-0.0154,12.432,0.028,39.1,1.026E+00,12.460,0.055,19.8,6.101E-01,1,0,0000,AA,10,57537.90170795,3250125701351015187,12.414,0.023,12.432,0.024,11.961,0.275,8.590,null,89929604,13.003,0.0218,12.622,0.0207,12.512,0.0256,0.068452,113.549660
324.6018387,25.3786570,0.0682,0.0581,-0.0264,12.407,0.025,43.8,8.803E-01,12.473,0.048,22.5,5.801E-01,1,0,0000,AA,10,57170.69935563,3250125701351015187,12.414,0.023,12.432,0.024,11.961,0.275,8.590,null,89929604,13.003,0.0218,12.622,0.0207,12.512,0.0256,0.070089,261.139529
324.6018382,25.3786658,0.0645,0.0578,-0.0146,12.381,0.027,40.3,1.087E+00,12.454,0.044,24.7,1.063E+00,1,0,0000,AA,10,57171.42123370,3250125701351015187,12.414,0.023,12.432,0.024,11.961,0.275,8.590,null,89929604,13.003,0.0218,12.622,0.0207,12.512,0.0256,0.073894,286.408292
324.6018623,25.3786393,0.0603,0.0580,-0.0182,12.451,0.025,43.1,1.291E+00,12.437,0.049,22.4,9.266E-01,1,0,0000,AA,10,58068.73769017,3250125701351015187,12.414,0.023,12.432,0.024,11.961,0.275,8.590,null,89929604,13.003,0.0218,12.622,0.0207,12.512,0.0256,0.074910,174.267377
324.6018419,25.3786469,0.0725,0.0793,-0.0300,12.481,0.033,33.1,1.537E+00,12.441,0.053,20.4,5.112E-01,1,0,0000,AA,10,57537.96728694,3250125701351015187,12.414,0.023,12.432,0.024,11.961,0.275,8.590,null,89929604,13.003,0.0218,12.622,0.0207,12.512,0.0256,0.075413,231.303060
324.6018376,25.3786529,0.0660,0.0578,-0.0162,12.427,0.023,46.4,6.960E-01,12.486,0.049,22.3,7.891E-01,1,0,0000,AA,5,58265.76346167,3250125701351015187,12.414,0.023,12.432,0.024,11.961,0.275,8.590,null,89929604,13.003,0.0218,12.622,0.0207,12.512,0.0256,0.077208,250.668105
324.6018381,25.3786508,0.0612,0.0606,-0.0131,12.442,0.025,42.9,9.029E-01,12.531,0.068,16.0,6.621E-01,1,0,0000,AA,10,58429.00967200,3250125701351015187,12.414,0.023,12.432,0.024,11.961,0.275,8.590,null,89929604,13.003,0.0218,12.622,0.0207,12.512,0.0256,0.078542,245.063343
324.6018342,25.3786573,0.0720,0.0726,-0.0213,12.452,0.030,36.1,2.247E+00,12.600,0.074,14.6,1.117E+00,1,0,0000,AA,10,58633.68113278,3250125701351015187,12.414,0.023,12.432,0.024,11.961,0.275,8.590,null,89929604,13.003,0.0218,12.622,0.0207,12.512,0.0256,0.084454,263.392920
324.6018533,25.3786371,0.0657,0.0540,-0.0173,12.435,0.023,47.5,1.208E+00,12.525,0.048,22.8,7.884E-01,1,0,0000,AA,10,57170.17434196,3250125701351015187,12.414,0.023,12.432,0.024,11.961,0.275,8.590,null,89929604,13.003,0.0218,12.622,0.0207,12.512,0.0256,0.085289,194.806961
324.6018349,25.3786671,0.0672,0.0648,-0.0053,12.369,0.027,40.1,2.215E+00,12.476,0.050,21.6,1.086E+00,1,0,0000,AA,10,58068.60665941,3250125701351015187,12.414,0.023,12.432,0.024,11.961,0.275,8.590,null,89929604,13.003,0.0218,12.622,0.0207,12.512,0.0256,0.085565,287.384434
324.6018375,25.3786476,0.0733,0.0651,-0.0048,12.411,0.028,39.0,1.181E+00,12.539,0.050,21.7,7.367E-01,1,0,0000,AA,10,58266.15604455,3250125701351015187,12.414,0.023,12.432,0.024,11.961,0.275,8.590,null,89929604,13.003,0.0218,12.622,0.0207,12.512,0.0256,0.085730,238.617778
324.6018335,25.3786618,0.0599,0.0575,-0.0259,12.431,0.024,45.6,1.848E+00,12.441,0.051,21.4,2.860E-01,1,0,0000,AA,10,57345.63116933,3250125701351015187,12.414,0.023,12.432,0.024,11.961,0.275,8.590,null,89929604,13.003,0.0218,12.622,0.0207,12.512,0.0256,0.086444,274.299400
324.6018446,25.3786399,0.0660,0.0714,-0.0354,12.439,0.027,40.8,1.795E+00,12.407,0.068,15.9,5.521E-01,1,0,0000,AA,10,57535.01890574,3250125701351015187,12.414,0.023,12.432,0.024,11.961,0.275,8.590,null,89929604,13.003,0.0218,12.622,0.0207,12.512,0.0256,0.088014,214.692149
324.6018849,25.3786497,0.0662,0.0639,-0.0248,12.439,0.025,42.6,7.891E-01,12.410,0.050,21.5,6.112E-01,1,0,0000,AA,10,57901.81340596,3250125701351015187,12.414,0.023,12.432,0.024,11.961,0.275,8.590,null,89929604,13.003,0.0218,12.622,0.0207,12.512,0.0256,0.089081,114.600115
324.6018800,25.3786428,0.0588,0.0579,-0.0171,12.400,0.024,45.4,2.436E+00,12.344,0.071,15.2,8.230E-01,1,0,0000,AA,5,57534.75684437,3250125701351015187,12.414,0.023,12.432,0.024,11.961,0.275,8.590,null,89929604,13.003,0.0218,12.622,0.0207,12.512,0.0256,0.089820,133.587132
324.6018339,25.3786518,0.0584,0.0584,-0.0205,12.433,0.025,44.0,9.537E-01,12.438,0.044,24.5,7.034E-01,1,0,0000,AA,10,58796.87101796,3250125701351015187,12.414,0.023,12.432,0.024,11.961,0.275,8.590,null,89929604,13.003,0.0218,12.622,0.0207,12.512,0.0256,0.089873,250.825687
324.6018494,25.3786366,0.0681,0.0649,-0.0210,12.467,0.028,39.0,5.611E-01,12.480,0.048,22.7,1.134E+00,1,0,0000,AA,10,57707.94911794,3250125701351015187,12.414,0.023,12.432,0.024,11.961,0.275,8.590,null,89929604,13.003,0.0218,12.622,0.0207,12.512,0.0256,0.091022,202.258088
324.6018477,25.3786372,0.0628,0.0537,0.0119,12.422,0.023,47.2,1.300E+00,12.427,0.044,24.7,7.329E-01,1,0,0000,AA,10,56808.42745174,3250125701351015187,12.414,0.023,12.432,0.024,11.961,0.275,8.590,null,89929604,13.003,0.0218,12.622,0.0207,12.512,0.0256,0.091333,205.985154
324.6018882,25.3786598,0.0664,0.0659,-0.0254,12.420,0.026,41.1,1.136E+00,12.603,0.058,18.9,8.297E-01,1,0,0000,AA,10,58266.09059281,3250125701351015187,12.414,0.023,12.432,0.024,11.961,0.275,8.590,null,89929604,13.003,0.0218,12.622,0.0207,12.512,0.0256,0.091745,90.449742
324.6018400,25.3786420,0.0583,0.0571,-0.0184,12.397,0.024,45.1,1.767E+00,12.495,0.049,22.1,7.602E-01,1,0,0000,AA,10,58429.59860975,3250125701351015187,12.414,0.023,12.432,0.024,11.961,0.275,8.590,null,89929604,13.003,0.0218,12.622,0.0207,12.512,0.0256,0.091797,225.111040
324.6018413,25.3786408,0.0626,0.0577,-0.0199,12.430,0.023,47.8,8.506E-01,12.559,0.051,21.5,3.351E-01,1,0,0000,AA,10,57170.89621993,3250125701351015187,12.414,0.023,12.432,0.024,11.961,0.275,8.590,null,89929604,13.003,0.0218,12.622,0.0207,12.512,0.0256,0.092054,221.346701
324.6018322,25.3786539,0.0652,0.0671,-0.0098,12.432,0.030,35.8,1.397E+00,12.495,0.047,22.9,7.385E-01,1,0,0000,AA,10,58068.67211116,3250125701351015187,12.414,0.023,12.432,0.024,11.961,0.275,8.590,null,89929604,13.003,0.0218,12.622,0.0207,12.512,0.0256,0.093074,256.349333
324.6018352,25.3786462,0.0654,0.0580,-0.0015,12.446,0.026,42.3,8.831E-01,12.416,0.046,23.8,1.016E+00,1,0,0000,AA,10,57348.97571111,3250125701351015187,12.414,0.023,12.432,0.024,11.961,0.275,8.590,null,89929604,13.003,0.0218,12.622,0.0207,12.512,0.0256,0.094734,238.371595
324.6018307,25.3786635,0.0730,0.0676,0.0203,12.454,0.031,35.4,1.299E+00,12.406,0.042,25.9,7.245E-01,1,0,0000,AA,10,57349.17244880,3250125701351015187,12.414,0.023,12.432,0.024,11.961,0.275,8.590,null,89929604,13.003,0.0218,12.622,0.0207,12.512,0.0256,0.096120,277.531580
324.6018710,25.3786341,0.0655,0.0577,-0.0183,12.413,0.024,46.2,1.474E+00,12.553,0.049,22.0,6.084E-01,1,0,0000,AA,10,57901.42056858,3250125701351015187,12.414,0.023,12.432,0.024,11.961,0.275,8.590,null,89929604,13.003,0.0218,12.622,0.0207,12.512,0.0256,0.099880,159.007002
324.6018368,25.3786787,0.0706,0.0609,-0.0162,12.459,0.026,41.3,9.636E-01,12.468,0.052,21.0,8.706E-01,1,0,0000,AA,10,58265.63255823,3250125701351015187,12.414,0.023,12.432,0.024,11.961,0.275,8.590,null,89929604,13.003,0.0218,12.622,0.0207,12.512,0.0256,0.101102,311.737099
324.6018511,25.3786329,0.0612,0.0612,-0.0216,12.437,0.027,39.9,1.127E+00,12.461,0.050,21.7,8.404E-01,1,0,0000,AA,10,57349.36918653,3250125701351015187,12.414,0.023,12.432,0.024,11.961,0.275,8.590,null,89929604,13.003,0.0218,12.622,0.0207,12.512,0.0256,0.101754,196.526667
324.6018404,25.3786373,0.0626,0.0655,-0.0087,12.381,0.025,43.0,9.219E-01,12.334,0.060,18.0,4.002E-01,1,0,0000,AA,10,57538.36037890,3250125701351015187,12.414,0.023,12.432,0.024,11.961,0.275,8.590,null,89929604,13.003,0.0218,12.622,0.0207,12.512,0.0256,0.103640,217.958163
324.6018464,25.3786861,0.0581,0.0540,-0.0225,12.419,0.024,45.2,1.296E+00,12.406,0.052,20.9,6.121E-01,1,0,0000,AA,10,56809.54598628,3250125701351015187,12.414,0.023,12.432,0.024,11.961,0.275,8.590,null,89929604,13.003,0.0218,12.622,0.0207,12.512,0.0256,0.103867,334.789575
324.6018302,25.3786712,0.0688,0.0774,-0.0232,12.418,0.029,37.8,2.721E+00,12.492,0.048,22.8,1.014E+00,1,0,0000,AA,10,57171.42110634,3250125701351015187,12.414,0.023,12.432,0.024,11.961,0.275,8.590,null,89929604,13.003,0.0218,12.622,0.0207,12.512,0.0256,0.104998,292.586508
324.6018799,25.3786369,0.0655,0.0644,-0.0252,12.440,0.026,41.1,1.222E+00,12.400,0.054,20.1,4.601E-01,1,0,0000,AA,10,57537.83612895,3250125701351015187,12.414,0.023,12.432,0.024,11.961,0.275,8.590,null,89929604,13.003,0.0218,12.622,0.0207,12.512,0.0256,0.105402,142.105104
324.6018438,25.3786855,0.0662,0.0658,0.0083,12.400,0.029,37.3,8.201E-01,12.511,0.054,20.3,9.046E-01,1,0,0000,AA,10,56986.58843228,3250125701351015187,12.414,0.023,12.432,0.024,11.961,0.275,8.590,null,89929604,13.003,0.0218,12.622,0.0207,12.512,0.0256,0.105849,330.144826
324.6018544,25.3786305,0.0685,0.0610,-0.0203,12.441,0.024,45.0,1.127E+00,12.514,0.059,18.3,7.406E-01,1,0,0000,AA,10,58633.28867764,3250125701351015187,12.414,0.023,12.432,0.024,11.961,0.275,8.590,null,89929604,13.003,0.0218,12.622,0.0207,12.512,0.0256,0.107751,189.732164
324.6018650,25.3786296,0.0565,0.0605,-0.0189,12.425,0.024,44.5,8.644E-01,12.470,0.045,24.3,6.656E-01,1,0,0000,AA,10,57349.36905921,3250125701351015187,12.414,0.023,12.432,0.024,11.961,0.275,8.590,null,89929604,13.003,0.0218,12.622,0.0207,12.512,0.0256,0.110649,171.547633
324.6018277,25.3786484,0.0754,0.0707,-0.0280,12.490,0.031,34.9,9.382E-01,12.472,0.050,21.7,1.758E+00,1,0,0000,AA,10,58629.49426495,3250125701351015187,12.414,0.023,12.432,0.024,11.961,0.275,8.590,null,89929604,13.003,0.0218,12.622,0.0207,12.512,0.0256,0.113056,248.322523
324.6018285,25.3786735,0.0589,0.0591,-0.0263,12.374,0.025,44.2,1.486E+00,12.468,0.057,19.0,8.524E-01,1,0,0000,AA,10,57538.49141010,3250125701351015187,12.414,0.023,12.432,0.024,11.961,0.275,8.590,null,89929604,13.003,0.0218,12.622,0.0207,12.512,0.0256,0.113390,295.377259
324.6018300,25.3786430,0.0664,0.0626,-0.0204,12.416,0.026,41.3,1.915E+00,12.533,0.051,21.3,1.026E+00,1,0,0000,AA,10,58429.20589966,3250125701351015187,12.414,0.023,12.432,0.024,11.961,0.275,8.590,null,89929604,13.003,0.0218,12.622,0.0207,12.512,0.0256,0.115167,237.904317
324.6018251,25.3786658,0.0627,0.0521,-0.0202,12.389,0.022,49.3,5.739E-01,12.426,0.043,25.4,9.007E-01,1,0,0000,AA,10,56987.24575177,3250125701351015187,12.414,0.023,12.432,0.024,11.961,0.275,8.590,null,89929604,13.003,0.0218,12.622,0.0207,12.512,0.0256,0.115413,280.422506
324.6018453,25.3786306,0.0646,0.0562,-0.0234,12.424,0.024,44.7,6.266E-01,12.434,0.046,23.7,4.621E-01,1,0,0000,AA,10,57534.36362771,3250125701351015187,12.414,0.023,12.432,0.024,11.961,0.275,8.590,null,89929604,13.003,0.0218,12.622,0.0207,12.512,0.0256,0.116147,204.310960
324.6018518,25.3786285,0.0627,0.0617,-0.0253,12.386,0.025,43.4,8.973E-01,12.458,0.047,23.1,1.086E+00,1,0,0000,AA,10,57535.08435738,3250125701351015187,12.414,0.023,12.432,0.024,11.961,0.275,8.590,null,89929604,13.003,0.0218,12.622,0.0207,12.512,0.0256,0.116513,193.235170
324.6018384,25.3786329,0.0648,0.0580,-0.0163,12.407,0.024,45.6,8.053E-01,12.464,0.049,22.2,4.802E-01,1,0,0000,AA,10,57901.87885766,3250125701351015187,12.414,0.023,12.432,0.024,11.961,0.275,8.590,null,89929604,13.003,0.0218,12.622,0.0207,12.512,0.0256,0.120224,215.758757
324.6018535,25.3786271,0.0645,0.0666,-0.0139,12.455,0.024,44.9,2.860E+00,12.507,0.055,19.6,1.041E+00,1,0,0000,AA,10,56809.28277938,3250125701351015187,12.414,0.023,12.432,0.024,11.961,0.275,8.590,null,89929604,13.003,0.0218,12.622,0.0207,12.512,0.0256,0.120302,190.120822
324.6018380,25.3786330,0.0637,0.0567,-0.0156,12.379,0.023,47.6,2.274E+00,12.491,0.055,19.9,1.259E+00,1,0,0000,AA,5,58632.83077035,3250125701351015187,12.414,0.023,12.432,0.024,11.961,0.275,8.590,null,89929604,13.003,0.0218,12.622,0.0207,12.512,0.0256,0.120694,216.359806
324.6018246,25.3786495,0.0559,0.0563,-0.0244,12.373,0.023,46.4,6.510E-01,12.466,0.047,23.1,3.765E-01,1,0,0000,AA,10,57348.84455260,3250125701351015187,12.414,0.023,12.432,0.024,11.961,0.275,8.590,null,89929604,13.003,0.0218,12.622,0.0207,12.512,0.0256,0.121202,251.825414
324.6018289,25.3786410,0.0662,0.0650,-0.0123,12.426,0.026,42.2,2.132E+00,12.502,0.059,18.4,5.050E-01,1,0,0000,AA,10,57902.00976161,3250125701351015187,12.414,0.023,12.432,0.024,11.961,0.275,8.590,null,89929604,13.003,0.0218,12.622,0.0207,12.512,0.0256,0.122095,235.933923
324.6018335,25.3786358,0.0589,0.0511,-0.0213,12.399,0.022,49.7,1.617E+00,12.409,0.042,25.7,7.002E-01,1,0,0000,AA,10,56808.29578459,3250125701351015187,12.414,0.023,12.432,0.024,11.961,0.275,8.590,null,89929604,13.003,0.0218,12.622,0.0207,12.512,0.0256,0.122559,224.693693
324.6018497,25.3786272,0.0791,0.0671,0.0327,12.384,0.029,37.8,1.135E+00,12.480,0.055,19.8,4.188E-01,1,0,0000,AA,10,57901.68250264,3250125701351015187,12.414,0.023,12.432,0.024,11.961,0.275,8.590,null,89929604,13.003,0.0218,12.622,0.0207,12.512,0.0256,0.122751,195.839676
324.6018229,25.3786666,0.0593,0.0525,-0.0212,12.418,0.022,48.9,9.142E-01,12.354,0.045,24.3,9.138E-01,1,0,0000,AA,10,56808.75636486,3250125701351015187,12.414,0.023,12.432,0.024,11.961,0.275,8.590,null,89929604,13.003,0.0218,12.622,0.0207,12.512,0.0256,0.122982,281.139018
324.6018301,25.3786388,0.0637,0.0612,-0.0251,12.389,0.024,45.2,8.549E-01,12.548,0.056,19.4,6.834E-01,1,0,0000,AA,10,57171.15866316,3250125701351015187,12.414,0.023,12.432,0.024,11.961,0.275,8.590,null,89929604,13.003,0.0218,12.622,0.0207,12.512,0.0256,0.123633,231.876472
324.6018288,25.3786397,0.0570,0.0556,-0.0185,12.423,0.023,48.0,5.837E-01,12.460,0.045,24.1,6.858E-01,1,0,0000,AA,10,57170.76493461,3250125701351015187,12.414,0.023,12.432,0.024,11.961,0.275,8.590,null,89929604,13.003,0.0218,12.622,0.0207,12.512,0.0256,0.125039,234.240917
324.6018984,25.3786665,0.0719,0.0702,0.0231,12.452,0.028,38.1,1.942E+00,12.481,0.059,18.3,1.029E+00,1,0,0000,AA,10,57535.21538801,3250125701351015187,12.414,0.023,12.432,0.024,11.961,0.275,8.590,null,89929604,13.003,0.0218,12.622,0.0207,12.512,0.0256,0.127062,79.388575
324.6018216,25.3786694,0.0670,0.0772,-0.0272,12.421,0.029,37.7,5.574E-01,12.465,0.059,18.3,8.609E-01,1,0,0000,AA,10,57707.75263506,3250125701351015187,12.414,0.023,12.432,0.024,11.961,0.275,8.590,null,89929604,13.003,0.0218,12.622,0.0207,12.512,0.0256,0.129419,285.159696
324.6018203,25.3786629,0.0633,0.0610,-0.0152,12.452,0.026,41.3,8.494E-01,12.546,0.073,14.8,8.380E-01,1,0,0000,AA,10,57170.83064095,3250125701351015187,12.414,0.023,12.432,0.024,11.961,0.275,8.590,null,89929604,13.003,0.0218,12.622,0.0207,12.512,0.0256,0.129565,274.622336
324.6018459,25.3786263,0.0621,0.0733,-0.0165,12.448,0.028,38.4,1.775E+00,12.428,0.046,23.4,3.859E-01,1,0,0000,AA,10,57537.96715958,3250125701351015187,12.414,0.023,12.432,0.024,11.961,0.275,8.590,null,89929604,13.003,0.0218,12.622,0.0207,12.512,0.0256,0.129711,200.707608
324.6018213,25.3786499,0.0650,0.0554,-0.0173,12.455,0.024,45.0,6.644E-01,12.426,0.044,24.6,5.526E-01,1,0,0000,AA,10,58068.80314188,3250125701351015187,12.414,0.023,12.432,0.024,11.961,0.275,8.590,null,89929604,13.003,0.0218,12.622,0.0207,12.512,0.0256,0.131016,253.888215
324.6018196,25.3786516,0.0621,0.0580,-0.0233,12.407,0.025,42.8,1.099E+00,12.379,0.046,23.7,5.557E-01,1,0,0000,AA,10,57708.21117993,3250125701351015187,12.414,0.023,12.432,0.024,11.961,0.275,8.590,null,89929604,13.003,0.0218,12.622,0.0207,12.512,0.0256,0.134853,257.040201
324.6018487,25.3786236,0.0609,0.0603,-0.0235,12.387,0.024,45.5,1.215E+00,12.457,0.055,19.8,8.796E-01,1,0,0000,AA,10,57901.55147190,3250125701351015187,12.414,0.023,12.432,0.024,11.961,0.275,8.590,null,89929604,13.003,0.0218,12.622,0.0207,12.512,0.0256,0.136108,195.667782
324.6018231,25.3786421,0.0748,0.0671,0.0101,12.383,0.032,34.3,1.315E+00,12.434,0.065,16.8,4.479E-01,1,0,0000,AA,10,58633.35412928,3250125701351015187,12.414,0.023,12.432,0.024,11.961,0.275,8.590,null,89929604,13.003,0.0218,12.622,0.0207,12.512,0.0256,0.136212,241.768245
324.6018390,25.3786270,0.0667,0.0692,-0.0230,12.425,0.028,39.0,7.496E-01,12.455,0.046,23.8,6.838E-01,1,0,0000,AA,10,58793.01204322,3250125701351015187,12.414,0.023,12.432,0.024,11.961,0.275,8.590,null,89929604,13.003,0.0218,12.622,0.0207,12.512,0.0256,0.137042,209.896815
324.6018528,25.3786223,0.0641,0.0585,-0.0206,12.414,0.025,43.7,1.779E+00,12.482,0.046,23.6,6.569E-01,1,0,0000,AA,10,58429.33680304,3250125701351015187,12.414,0.023,12.432,0.024,11.961,0.275,8.590,null,89929604,13.003,0.0218,12.622,0.0207,12.512,0.0256,0.137730,189.790031
324.6018311,25.3786312,0.0728,0.0613,-0.0099,12.452,0.027,40.0,1.168E+00,12.674,0.062,17.5,5.457E-01,1,0,0000,AA,10,58265.95981678,3250125701351015187,12.414,0.023,12.432,0.024,11.961,0.275,8.590,null,89929604,13.003,0.0218,12.622,0.0207,12.512,0.0256,0.139941,222.196472
324.6018501,25.3786217,0.0631,0.0604,-0.0216,12.389,0.024,44.4,1.345E+00,12.450,0.056,19.5,5.451E-01,1,0,0000,AA,10,58266.35239954,3250125701351015187,12.414,0.023,12.432,0.024,11.961,0.275,8.590,null,89929604,13.003,0.0218,12.622,0.0207,12.512,0.0256,0.141585,193.145282
324.6018760,25.3786230,0.0572,0.0576,-0.0193,12.406,0.026,41.3,1.477E+00,12.492,0.045,24.1,7.903E-01,1,0,0000,AA,10,58796.87114532,3250125701351015187,12.414,0.023,12.432,0.024,11.961,0.275,8.590,null,89929604,13.003,0.0218,12.622,0.0207,12.512,0.0256,0.143013,158.659379
324.6018238,25.3786368,0.0594,0.0648,-0.0264,12.424,0.027,40.5,6.473E-01,12.418,0.044,24.8,4.490E-01,1,0,0000,AA,10,56987.31145828,3250125701351015187,12.414,0.023,12.432,0.024,11.961,0.275,8.590,null,89929604,13.003,0.0218,12.622,0.0207,12.512,0.0256,0.144360,234.650457
324.6018164,25.3786699,0.0647,0.0562,-0.0247,12.413,0.024,46.1,2.213E+00,12.525,0.051,21.1,5.666E-01,1,0,0000,AA,5,57349.63137612,3250125701351015187,12.414,0.023,12.432,0.024,11.961,0.275,8.590,null,89929604,13.003,0.0218,12.622,0.0207,12.512,0.0256,0.146214,284.107285
324.6018228,25.3786372,0.0568,0.0549,-0.0203,12.398,0.023,47.3,9.257E-01,12.324,0.046,23.7,3.577E-01,1,0,0000,AA,10,56986.85138553,3250125701351015187,12.414,0.023,12.432,0.024,11.961,0.275,8.590,null,89929604,13.003,0.0218,12.622,0.0207,12.512,0.0256,0.146214,235.848248
324.6018174,25.3786448,0.0707,0.0629,-0.0161,12.487,0.027,39.9,7.910E-01,12.427,0.068,16.0,8.594E-01,1,0,0000,AA,10,58633.41958091,3250125701351015187,12.414,0.023,12.432,0.024,11.961,0.275,8.590,null,89929604,13.003,0.0218,12.622,0.0207,12.512,0.0256,0.148966,248.449996
324.6018210,25.3786378,0.0589,0.0587,-0.0215,12.418,0.024,46.0,1.181E+00,12.406,0.047,23.1,8.851E-01,1,0,0000,AA,10,56987.18004528,3250125701351015187,12.414,0.023,12.432,0.024,11.961,0.275,8.590,null,89929604,13.003,0.0218,12.622,0.0207,12.512,0.0256,0.149914,237.787770
324.6018306,25.3786274,0.0679,0.0628,-0.0191,12.452,0.025,43.4,8.486E-01,12.437,0.078,14.0,7.255E-01,1,0,0000,AA,10,58265.89436505,3250125701351015187,12.414,0.023,12.432,0.024,11.961,0.275,8.590,null,89929604,13.003,0.0218,12.622,0.0207,12.512,0.0256,0.151388,219.173446
324.6018327,25.3786258,0.0607,0.0570,-0.0197,12.425,0.026,42.4,1.317E+00,12.340,0.054,20.3,3.561E-01,1,0,0000,AA,10,56987.04863234,3250125701351015187,12.414,0.023,12.432,0.024,11.961,0.275,8.590,null,89929604,13.003,0.0218,12.622,0.0207,12.512,0.0256,0.151793,215.799564
324.6018156,25.3786452,0.0612,0.0573,-0.0213,12.429,0.024,45.8,1.621E+00,12.501,0.048,22.4,3.986E-01,1,0,0000,AA,10,57348.64781487,3250125701351015187,12.414,0.023,12.432,0.024,11.961,0.275,8.590,null,89929604,13.003,0.0218,12.622,0.0207,12.512,0.0256,0.153925,249.749093
324.6018130,25.3786516,0.0776,0.0554,-0.0268,12.425,0.025,42.6,8.438E-01,12.456,0.042,25.8,8.896E-01,1,0,0000,AA,10,58429.53315806,3250125701351015187,12.414,0.023,12.432,0.024,11.961,0.275,8.590,null,89929604,13.003,0.0218,12.622,0.0207,12.512,0.0256,0.155846,258.810594
324.6018419,25.3787009,0.0646,0.0710,0.0085,12.403,0.028,39.2,5.990E+00,12.397,0.046,23.6,8.935E-01,1,0,0000,AA,10,56987.04850502,3250125701351015187,12.414,0.023,12.432,0.024,11.961,0.275,8.590,null,89929604,13.003,0.0218,12.622,0.0207,12.512,0.0256,0.158580,338.206739
324.6018147,25.3786434,0.0597,0.0583,-0.0232,12.433,0.026,42.0,1.650E+00,12.440,0.042,25.9,9.152E-01,1,0,0000,AA,10,57708.60414565,3250125701351015187,12.414,0.023,12.432,0.024,11.961,0.275,8.590,null,89929604,13.003,0.0218,12.622,0.0207,12.512,0.0256,0.158997,247.923171
324.6018152,25.3786781,0.0614,0.0585,-0.0215,12.400,0.025,42.9,6.392E-01,12.411,0.049,22.0,6.686E-01,1,0,0000,AA,10,57535.14993638,3250125701351015187,12.414,0.023,12.432,0.024,11.961,0.275,8.590,null,89929604,13.003,0.0218,12.622,0.0207,12.512,0.0256,0.159619,294.092878
324.6018317,25.3786232,0.0617,0.0651,-0.0068,12.443,0.029,36.9,7.059E-01,12.588,0.048,22.5,1.048E+00,1,0,0000,AA,10,58068.67223847,3250125701351015187,12.414,0.023,12.432,0.024,11.961,0.275,8.590,null,89929604,13.003,0.0218,12.622,0.0207,12.512,0.0256,0.161327,214.791865
324.6018791,25.3786186,0.0702,0.0577,-0.0238,12.468,0.025,44.2,9.555E-01,12.398,0.047,23.3,1.139E+00,1,0,0000,AA,10,58429.99119251,3250125701351015187,12.414,0.023,12.432,0.024,11.961,0.275,8.590,null,89929604,13.003,0.0218,12.622,0.0207,12.512,0.0256,0.161473,157.372163
324.6018220,25.3786294,0.0605,0.0604,-0.0201,12.409,0.026,42.2,6.491E-01,12.520,0.061,17.9,5.588E-01,1,0,0000,AA,10,57349.23802802,3250125701351015187,12.414,0.023,12.432,0.024,11.961,0.275,8.590,null,89929604,13.003,0.0218,12.622,0.0207,12.512,0.0256,0.165575,228.290168
324.6018117,25.3786451,0.0586,0.0553,-0.0191,12.413,0.024,45.6,1.119E+00,12.463,0.045,24.0,5.599E-01,1,0,0000,AA,10,57708.34221093,3250125701351015187,12.414,0.023,12.432,0.024,11.961,0.275,8.590,null,89929604,13.003,0.0218,12.622,0.0207,12.512,0.0256,0.166002,251.148095
324.6018270,25.3786247,0.0611,0.0611,-0.0130,12.474,0.025,43.2,2.966E+00,12.468,0.048,22.7,1.417E+00,1,0,0000,AA,5,57534.62581365,3250125701351015187,12.414,0.023,12.432,0.024,11.961,0.275,8.590,null,89929604,13.003,0.0218,12.622,0.0207,12.512,0.0256,0.166343,220.185352
324.6018088,25.3786538,0.0640,0.0628,-0.0199,12.459,0.025,42.7,1.647E+00,12.591,0.055,19.7,7.364E-01,1,0,0000,AA,10,58266.22149624,3250125701351015187,12.414,0.023,12.432,0.024,11.961,0.275,8.590,null,89929604,13.003,0.0218,12.622,0.0207,12.512,0.0256,0.168010,262.366257
324.6018185,25.3786321,0.0589,0.0563,-0.0254,12.387,0.025,44.2,1.247E+00,12.463,0.045,24.1,6.580E-01,1,0,0000,AA,10,58428.87876863,3250125701351015187,12.414,0.023,12.432,0.024,11.961,0.275,8.590,null,89929604,13.003,0.0218,12.622,0.0207,12.512,0.0256,0.168263,233.347136
324.6018284,25.3786225,0.0622,0.0613,-0.0154,12.417,0.027,40.4,1.365E+00,12.474,0.055,19.8,5.367E-01,1,0,0000,AA,10,57902.07534064,3250125701351015187,12.414,0.023,12.432,0.024,11.961,0.275,8.590,null,89929604,13.003,0.0218,12.622,0.0207,12.512,0.0256,0.169661,217.283666
324.6018766,25.3786152,0.0641,0.0561,-0.0237,12.441,0.025,42.7,9.744E-01,12.559,0.049,21.9,6.297E-01,1,0,0000,AA,10,57170.63377665,3250125701351015187,12.414,0.023,12.432,0.024,11.961,0.275,8.590,null,89929604,13.003,0.0218,12.622,0.0207,12.512,0.0256,0.170078,161.490624
324.6018101,25.3786441,0.0631,0.0579,-0.0254,12.400,0.025,43.1,1.343E+00,12.441,0.043,25.2,1.348E+00,1,0,0000,AA,10,57708.27663177,3250125701351015187,12.414,0.023,12.432,0.024,11.961,0.275,8.590,null,89929604,13.003,0.0218,12.622,0.0207,12.512,0.0256,0.172093,250.573699
324.6018200,25.3786284,0.0668,0.0605,-0.0254,12.422,0.025,42.7,8.385E-01,12.380,0.050,21.9,9.856E-01,1,0,0000,AA,10,57538.03273858,3250125701351015187,12.414,0.023,12.432,0.024,11.961,0.275,8.590,null,89929604,13.003,0.0218,12.622,0.0207,12.512,0.0256,0.172833,228.834139
324.6018080,25.3786700,0.0598,0.0662,-0.0207,12.396,0.027,40.5,1.046E+00,12.381,0.047,23.0,5.175E-01,1,0,0000,AA,10,56808.95386625,3250125701351015187,12.414,0.023,12.432,0.024,11.961,0.275,8.590,null,89929604,13.003,0.0218,12.622,0.0207,12.512,0.0256,0.172915,282.016023
324.6018721,25.3786126,0.0687,0.0612,-0.0295,12.394,0.026,41.6,1.232E+00,12.469,0.058,18.7,6.397E-01,1,0,0000,AA,10,57902.27169561,3250125701351015187,12.414,0.023,12.432,0.024,11.961,0.275,8.590,null,89929604,13.003,0.0218,12.622,0.0207,12.512,0.0256,0.175113,167.012462
324.6018133,25.3786354,0.0550,0.0565,-0.0241,12.398,0.023,46.3,1.541E+00,12.479,0.055,19.8,1.014E+00,1,0,0000,AA,10,56808.69065868,3250125701351015187,12.414,0.023,12.432,0.024,11.961,0.275,8.590,null,89929604,13.003,0.0218,12.622,0.0207,12.512,0.0256,0.175840,239.756454
324.6018066,25.3786508,0.0627,0.0567,-0.0157,12.428,0.023,48.2,1.088E+00,12.418,0.044,24.7,4.088E-01,1,0,0000,AA,10,56987.57441153,3250125701351015187,12.414,0.023,12.432,0.024,11.961,0.275,8.590,null,89929604,13.003,0.0218,12.622,0.0207,12.512,0.0256,0.176805,259.204065
324.6018062,25.3786524,0.0633,0.0594,-0.0053,12.398,0.028,38.8,1.103E+00,12.463,0.049,22.1,5.789E-01,1,0,0000,AA,10,56809.41444647,3250125701351015187,12.414,0.023,12.432,0.024,11.961,0.275,8.590,null,89929604,13.003,0.0218,12.622,0.0207,12.512,0.0256,0.177125,261.113605
324.6018165,25.3786299,0.0608,0.0740,-0.0238,12.404,0.029,38.0,6.490E-01,12.385,0.043,25.0,2.815E+01,1,0,0000,AA,10,57349.23790066,3250125701351015187,12.414,0.023,12.432,0.024,11.961,0.275,8.590,null,89929604,13.003,0.0218,12.622,0.0207,12.512,0.0256,0.178215,232.552820
324.6018147,25.3786321,0.0574,0.0595,-0.0203,12.394,0.025,43.7,8.910E-01,12.461,0.056,19.4,4.925E-01,1,0,0000,AA,10,58796.60946591,3250125701351015187,12.414,0.023,12.432,0.024,11.961,0.275,8.590,null,89929604,13.003,0.0218,12.622,0.0207,12.512,0.0256,0.178321,235.718559
324.6018157,25.3786276,0.0672,0.0614,0.0099,12.468,0.026,41.7,7.417E-01,12.399,0.059,18.5,9.182E-01,1,0,0000,AA,10,58796.28233492,3250125701351015187,12.414,0.023,12.432,0.024,11.961,0.275,8.590,null,89929604,13.003,0.0218,12.622,0.0207,12.512,0.0256,0.185386,231.009928
324.6018028,25.3786598,0.0760,0.0599,-0.0197,12.458,0.026,41.1,9.494E-01,12.524,0.061,17.7,6.228E-01,1,0,0000,AA,5,58266.48330296,3250125701351015187,12.414,0.023,12.432,0.024,11.961,0.275,8.590,null,89929604,13.003,0.0218,12.622,0.0207,12.512,0.0256,0.186047,269.778280
324.6018028,25.3786574,0.0715,0.0612,-0.0183,12.384,0.027,39.9,1.527E+00,12.635,0.074,14.7,5.836E-01,1,0,0000,AA,10,57538.09831758,3250125701351015187,12.414,0.023,12.432,0.024,11.961,0.275,8.590,null,89929604,13.003,0.0218,12.622,0.0207,12.512,0.0256,0.186275,267.119908
324.6018039,25.3786471,0.0646,0.0630,-0.0236,12.406,0.028,38.7,2.057E+00,12.489,0.046,23.8,9.183E-01,1,0,0000,AA,5,58429.27135135,3250125701351015187,12.414,0.023,12.432,0.024,11.961,0.275,8.590,null,89929604,13.003,0.0218,12.622,0.0207,12.512,0.0256,0.188293,255.720943
324.6018111,25.3786318,0.0743,0.0565,-0.0185,12.428,0.026,41.9,1.630E+00,12.432,0.052,20.9,6.558E-01,1,0,0000,AA,10,57901.74795425,3250125701351015187,12.414,0.023,12.432,0.024,11.961,0.275,8.590,null,89929604,13.003,0.0218,12.622,0.0207,12.512,0.0256,0.188694,237.450542
324.6018050,25.3786771,0.0630,0.0591,-0.0147,12.404,0.026,42.5,1.228E+00,12.494,0.052,21.0,9.087E-01,1,0,0000,AA,10,57708.01469709,3250125701351015187,12.414,0.023,12.432,0.024,11.961,0.275,8.590,null,89929604,13.003,0.0218,12.622,0.0207,12.512,0.0256,0.189194,288.989287
324.6018282,25.3786151,0.0628,0.0599,-0.0197,12.488,0.026,41.7,1.446E+00,12.491,0.044,24.6,8.640E-01,1,0,0000,AA,10,58795.88987964,3250125701351015187,12.414,0.023,12.432,0.024,11.961,0.275,8.590,null,89929604,13.003,0.0218,12.622,0.0207,12.512,0.0256,0.191896,212.614855
324.6018033,25.3786761,0.0650,0.0578,-0.0222,12.446,0.026,42.3,1.692E+00,12.510,0.051,21.4,1.422E+00,1,0,0000,AA,5,58796.34778661,3250125701351015187,12.414,0.023,12.432,0.024,11.961,0.275,8.590,null,89929604,13.003,0.0218,12.622,0.0207,12.512,0.0256,0.193318,287.446916
324.6018049,25.3786397,0.0657,0.0576,-0.0190,12.457,0.024,45.4,1.610E+00,12.443,0.051,21.4,6.489E-01,1,0,0000,AA,5,58796.67479029,3250125701351015187,12.414,0.023,12.432,0.024,11.961,0.275,8.590,null,89929604,13.003,0.0218,12.622,0.0207,12.512,0.0256,0.193538,247.815695
324.6018067,25.3786354,0.0635,0.0560,-0.0223,12.385,0.024,45.1,5.913E-01,12.410,0.043,25.4,7.678E-01,1,0,0000,AA,10,57707.88366605,3250125701351015187,12.414,0.023,12.432,0.024,11.961,0.275,8.590,null,89929604,13.003,0.0218,12.622,0.0207,12.512,0.0256,0.194682,242.940398
324.6017996,25.3786574,0.0630,0.0648,-0.0111,12.387,0.028,39.1,5.226E-01,12.565,0.057,19.2,8.028E-01,1,0,0000,AA,10,58266.02526848,3250125701351015187,12.414,0.023,12.432,0.024,11.961,0.275,8.590,null,89929604,13.003,0.0218,12.622,0.0207,12.512,0.0256,0.196685,267.272260
324.6018149,25.3786223,0.0705,0.0694,-0.0159,12.408,0.028,38.1,1.639E+00,12.752,0.075,14.4,3.559E+00,1,0,0000,AA,10,58633.68126009,3250125701351015187,12.414,0.023,12.432,0.024,11.961,0.275,8.590,null,89929604,13.003,0.0218,12.622,0.0207,12.512,0.0256,0.199854,227.224788
324.6018027,25.3786394,0.0673,0.0573,-0.0194,12.408,0.026,42.4,1.737E+00,12.428,0.052,21.0,6.247E-01,1,0,0000,AA,10,58429.40225468,3250125701351015187,12.414,0.023,12.432,0.024,11.961,0.275,8.590,null,89929604,13.003,0.0218,12.622,0.0207,12.512,0.0256,0.200585,248.301820
324.6018247,25.3786133,0.0672,0.0626,-0.0228,12.414,0.025,42.6,9.250E-01,12.479,0.071,15.3,9.886E-01,1,0,0000,AA,10,58796.54401427,3250125701351015187,12.414,0.023,12.432,0.024,11.961,0.275,8.590,null,89929604,13.003,0.0218,12.622,0.0207,12.512,0.0256,0.203577,214.330807
324.6018934,25.3786119,0.0676,0.0636,-0.0252,12.456,0.026,41.3,6.576E-01,12.388,0.074,14.7,1.017E+00,1,0,0000,AA,10,56990.79543375,3250125701351015187,12.414,0.023,12.432,0.024,11.961,0.275,8.590,null,89929604,13.003,0.0218,12.622,0.0207,12.512,0.0256,0.204411,147.896860
324.6018079,25.3786281,0.0844,0.0681,0.0222,12.460,0.035,31.3,1.294E+00,12.437,0.052,21.0,9.013E-01,1,0,0000,AA,10,57902.14079234,3250125701351015187,12.414,0.023,12.432,0.024,11.961,0.275,8.590,null,89929604,13.003,0.0218,12.622,0.0207,12.512,0.0256,0.204711,235.875151
324.6018178,25.3786175,0.0600,0.0558,-0.0162,12.410,0.024,45.8,1.119E+00,12.426,0.059,18.4,7.047E-01,1,0,0000,AA,10,58068.86859362,3250125701351015187,12.414,0.023,12.432,0.024,11.961,0.275,8.590,null,89929604,13.003,0.0218,12.622,0.0207,12.512,0.0256,0.205540,221.895846
324.6018352,25.3786074,0.0673,0.0637,-0.0314,12.418,0.026,41.8,2.292E+00,12.454,0.046,23.8,6.725E-01,1,0,0000,AA,10,58796.02065561,3250125701351015187,12.414,0.023,12.432,0.024,11.961,0.275,8.590,null,89929604,13.003,0.0218,12.622,0.0207,12.512,0.0256,0.205815,203.073162
324.6018148,25.3786193,0.0595,0.0656,-0.0249,12.403,0.028,39.4,7.300E-01,12.409,0.048,22.4,6.778E-01,1,0,0000,AA,10,57902.00988892,3250125701351015187,12.414,0.023,12.432,0.024,11.961,0.275,8.590,null,89929604,13.003,0.0218,12.622,0.0207,12.512,0.0256,0.207552,225.096967
324.6017958,25.3786667,0.0654,0.0531,-0.0190,12.381,0.023,47.0,5.735E-01,12.429,0.044,24.9,7.657E-01,1,0,0000,AA,10,58068.93404537,3250125701351015187,12.414,0.023,12.432,0.024,11.961,0.275,8.590,null,89929604,13.003,0.0218,12.622,0.0207,12.512,0.0256,0.210198,276.588965
324.6018556,25.3786016,0.0592,0.0580,-0.0165,12.452,0.023,47.0,1.379E+00,12.749,0.083,13.0,9.689E-01,1,0,0000,AA,10,56809.15123961,3250125701351015187,12.414,0.023,12.432,0.024,11.961,0.275,8.590,null,89929604,13.003,0.0218,12.622,0.0207,12.512,0.0256,0.210737,183.894206
324.6017957,25.3786518,0.0618,0.0637,-0.0277,12.426,0.026,41.6,1.730E+00,12.501,0.046,23.7,5.244E-01,1,0,0000,AA,10,58068.41030426,3250125701351015187,12.414,0.023,12.432,0.024,11.961,0.275,8.590,null,89929604,13.003,0.0218,12.622,0.0207,12.512,0.0256,0.211207,261.965859
324.6018031,25.3786307,0.0812,0.0654,-0.0227,12.425,0.030,36.6,1.051E+00,12.562,0.056,19.3,5.391E-01,1,0,0000,AA,10,58266.28694784,3250125701351015187,12.414,0.023,12.432,0.024,11.961,0.275,8.590,null,89929604,13.003,0.0218,12.622,0.0207,12.512,0.0256,0.213011,240.319443
324.6018086,25.3786232,0.0659,0.0612,-0.0171,12.485,0.026,42.4,1.763E+00,12.487,0.049,22.3,8.467E-01,1,0,0000,AA,10,57534.95332670,3250125701351015187,12.414,0.023,12.432,0.024,11.961,0.275,8.590,null,89929604,13.003,0.0218,12.622,0.0207,12.512,0.0256,0.213299,231.605780
324.6018082,25.3786231,0.0631,0.0669,-0.0211,12.504,0.026,41.6,1.498E+00,12.568,0.057,18.9,7.262E-01,1,0,0000,AA,5,58796.41311094,3250125701351015187,12.414,0.023,12.432,0.024,11.961,0.275,8.590,null,89929604,13.003,0.0218,12.622,0.0207,12.512,0.0256,0.214557,231.746214
324.6017940,25.3786661,0.0704,0.0844,0.0265,12.394,0.033,32.6,9.683E-01,12.423,0.049,22.2,1.045E+00,1,0,0000,AA,10,56986.71984522,3250125701351015187,12.414,0.023,12.432,0.024,11.961,0.275,8.590,null,89929604,13.003,0.0218,12.622,0.0207,12.512,0.0256,0.215787,275.840846
324.6017951,25.3786473,0.0714,0.0700,-0.0267,12.441,0.034,31.8,9.528E-01,12.396,0.055,19.7,1.015E+00,1,0,0000,AA,10,58796.41323830,3250125701351015187,12.414,0.023,12.432,0.024,11.961,0.275,8.590,null,89929604,13.003,0.0218,12.622,0.0207,12.512,0.0256,0.215984,257.779228
324.6017984,25.3786360,0.0806,0.0695,-0.0154,12.443,0.033,32.9,1.242E+00,12.574,0.077,14.1,5.269E-01,1,0,0000,AA,5,58633.09245015,3250125701351015187,12.414,0.023,12.432,0.024,11.961,0.275,8.590,null,89929604,13.003,0.0218,12.622,0.0207,12.512,0.0256,0.218203,246.673061
324.6017921,25.3786569,0.0678,0.0680,0.0119,12.387,0.028,39.4,1.001E+00,12.550,0.068,15.9,5.678E-01,1,0,0000,AA,10,58633.81203601,3250125701351015187,12.414,0.023,12.432,0.024,11.961,0.275,8.590,null,89929604,13.003,0.0218,12.622,0.0207,12.512,0.0256,0.221127,267.107207
324.6017920,25.3786635,0.0681,0.0610,-0.0198,12.416,0.028,39.3,1.561E+00,12.362,0.049,22.4,9.479E-01,1,0,0000,AA,10,58266.61420630,3250125701351015187,12.414,0.023,12.432,0.024,11.961,0.275,8.590,null,89929604,13.003,0.0218,12.622,0.0207,12.512,0.0256,0.221533,273.260535
324.6018210,25.3786086,0.0601,0.0631,-0.0293,12.392,0.026,42.1,1.045E+00,12.449,0.046,23.6,4.122E-01,1,0,0000,AA,10,58429.72938575,3250125701351015187,12.414,0.023,12.432,0.024,11.961,0.275,8.590,null,89929604,13.003,0.0218,12.622,0.0207,12.512,0.0256,0.224351,214.431868
324.6017909,25.3786633,0.0720,0.0723,-0.0058,12.426,0.029,36.8,1.189E+00,12.520,0.066,16.5,8.913E-01,1,0,0000,AA,5,57348.77897338,3250125701351015187,12.414,0.023,12.432,0.024,11.961,0.275,8.590,null,89929604,13.003,0.0218,12.622,0.0207,12.512,0.0256,0.225065,273.025735
324.6018213,25.3786078,0.0647,0.0796,-0.0152,12.450,0.030,36.5,1.802E+00,12.489,0.056,19.5,7.291E-01,1,0,0000,AA,10,58266.09072017,3250125701351015187,12.414,0.023,12.432,0.024,11.961,0.275,8.590,null,89929604,13.003,0.0218,12.622,0.0207,12.512,0.0256,0.226175,213.815475
324.6018019,25.3786248,0.0622,0.0613,-0.0196,12.412,0.025,43.3,9.967E-01,12.445,0.044,24.9,6.045E-01,1,0,0000,AA,10,58429.86028918,3250125701351015187,12.414,0.023,12.432,0.024,11.961,0.275,8.590,null,89929604,13.003,0.0218,12.622,0.0207,12.512,0.0256,0.227528,236.155600
324.6017962,25.3786335,0.0615,0.0577,-0.0204,12.428,0.024,45.1,1.257E+00,12.402,0.044,24.5,9.385E-01,1,0,0000,AA,10,58069.26130387,3250125701351015187,12.414,0.023,12.432,0.024,11.961,0.275,8.590,null,89929604,13.003,0.0218,12.622,0.0207,12.512,0.0256,0.228399,245.310525
324.6017903,25.3786519,0.0708,0.0640,-0.0108,12.447,0.025,43.8,9.732E-01,12.568,0.087,12.5,9.582E-01,1,0,0000,AA,10,58633.55035682,3250125701351015187,12.414,0.023,12.432,0.024,11.961,0.275,8.590,null,89929604,13.003,0.0218,12.622,0.0207,12.512,0.0256,0.228564,262.670571
324.6018274,25.3786028,0.0548,0.0555,-0.0110,12.400,0.025,44.1,9.022E-01,12.454,0.045,24.0,1.145E+00,1,0,0000,AA,10,57349.04129034,3250125701351015187,12.414,0.023,12.432,0.024,11.961,0.275,8.590,null,89929604,13.003,0.0218,12.622,0.0207,12.512,0.0256,0.231623,207.245263
324.6018072,25.3786167,0.0631,0.0590,-0.0191,12.446,0.026,42.5,7.258E-01,12.411,0.049,22.1,8.517E-01,1,0,0000,AA,10,58068.27940086,3250125701351015187,12.414,0.023,12.432,0.024,11.961,0.275,8.590,null,89929604,13.003,0.0218,12.622,0.0207,12.512,0.0256,0.231928,227.770917
324.6017902,25.3786438,0.0619,0.0598,-0.0226,12.415,0.027,40.9,8.838E-01,12.384,0.046,23.5,1.367E+00,1,0,0000,AA,10,57902.53362963,3250125701351015187,12.414,0.023,12.432,0.024,11.961,0.275,8.590,null,89929604,13.003,0.0218,12.622,0.0207,12.512,0.0256,0.234400,255.593257
324.6017920,25.3786314,0.0694,0.0648,-0.0225,12.397,0.027,39.7,8.562E-01,12.414,0.046,23.6,4.585E-01,1,0,0000,AA,10,57901.94430994,3250125701351015187,12.414,0.023,12.432,0.024,11.961,0.275,8.590,null,89929604,13.003,0.0218,12.622,0.0207,12.512,0.0256,0.243958,245.037449
324.6017922,25.3786290,0.0553,0.0563,-0.0195,12.434,0.024,45.4,1.526E+00,12.537,0.057,18.9,1.347E+00,1,0,0000,AA,10,57171.02750520,3250125701351015187,12.414,0.023,12.432,0.024,11.961,0.275,8.590,null,89929604,13.003,0.0218,12.622,0.0207,12.512,0.0256,0.247151,243.157645
324.6018066,25.3786081,0.0556,0.0573,-0.0099,12.407,0.026,42.1,1.963E+00,12.415,0.042,25.9,1.193E+00,1,0,0000,AA,10,57708.60427297,3250125701351015187,12.414,0.023,12.432,0.024,11.961,0.275,8.590,null,89929604,13.003,0.0218,12.622,0.0207,12.512,0.0256,0.255108,222.910783
324.6018315,25.3785922,0.0876,0.0807,0.0380,12.375,0.034,31.8,1.194E+00,12.514,0.063,17.3,6.870E-01,1,0,0000,AA,10,58633.22322605,3250125701351015187,12.414,0.023,12.432,0.024,11.961,0.275,8.590,null,89929604,13.003,0.0218,12.622,0.0207,12.512,0.0256,0.261092,200.796173
324.6017823,25.3786388,0.0664,0.0626,-0.0228,12.441,0.026,41.8,1.086E+00,12.510,0.063,17.2,5.708E-01,1,0,0000,AA,10,58632.96167367,3250125701351015187,12.414,0.023,12.432,0.024,11.961,0.275,8.590,null,89929604,13.003,0.0218,12.622,0.0207,12.512,0.0256,0.264006,253.196354
324.6018082,25.3786024,0.0719,0.0610,-0.0144,12.407,0.026,41.6,3.485E-01,12.381,0.062,17.5,7.887E-01,1,0,0000,AA,10,58632.69999444,3250125701351015187,12.414,0.023,12.432,0.024,11.961,0.275,8.590,null,89929604,13.003,0.0218,12.622,0.0207,12.512,0.0256,0.267172,219.094500
324.6017850,25.3786278,0.0626,0.0634,-0.0213,12.400,0.026,41.8,3.715E-01,12.493,0.050,21.6,5.966E-01,1,0,0000,AA,10,58068.54120771,3250125701351015187,12.414,0.023,12.432,0.024,11.961,0.275,8.590,null,89929604,13.003,0.0218,12.622,0.0207,12.512,0.0256,0.270091,244.583339
324.6017857,25.3786228,0.0650,0.0551,-0.0153,12.416,0.023,46.8,1.023E+00,12.514,0.049,22.2,6.435E-01,1,0,0000,AA,10,58797.00192130,3250125701351015187,12.414,0.023,12.432,0.024,11.961,0.275,8.590,null,89929604,13.003,0.0218,12.622,0.0207,12.512,0.0256,0.276298,241.006933
324.6018035,25.3785971,0.0838,0.0847,-0.0175,12.476,0.036,30.5,1.414E+00,12.462,0.046,23.4,6.553E-01,1,0,0000,AA,10,58265.50178221,3250125701351015187,12.414,0.023,12.432,0.024,11.961,0.275,8.590,null,89929604,13.003,0.0218,12.622,0.0207,12.512,0.0256,0.291634,219.061610
324.6017886,25.3786108,0.0783,0.0638,-0.0233,12.438,0.027,39.6,1.299E+00,12.474,0.054,20.0,7.352E-01,1,0,0000,AA,10,58633.48490519,3250125701351015187,12.414,0.023,12.432,0.024,11.961,0.275,8.590,null,89929604,13.003,0.0218,12.622,0.0207,12.512,0.0256,0.292071,232.668057
324.6017871,25.3786077,0.0695,0.0697,-0.0229,12.444,0.026,41.8,7.831E-01,12.481,0.054,20.1,4.267E-01,1,0,0000,AA,10,58796.74024194,3250125701351015187,12.414,0.023,12.432,0.024,11.961,0.275,8.590,null,89929604,13.003,0.0218,12.622,0.0207,12.512,0.0256,0.302775,231.548653
324.6017438,25.3786230,0.0897,0.0719,-0.0201,12.564,0.032,34.4,2.574E+00,12.496,0.056,19.4,1.097E+00,1,0,0000,AA,10,57170.96179885,3250125701351015187,12.414,0.023,12.432,0.024,11.961,0.275,8.590,null,89929604,13.003,0.0218,12.622,0.0207,12.512,0.0256,0.400735,250.586166
324.6017367,25.3786446,0.0698,0.0661,-0.0298,12.478,0.028,39.3,9.167E+00,12.589,0.054,20.0,1.915E+00,1,0,0000,AA,0,57534.49465843,3250125701351015187,12.414,0.023,12.432,0.024,11.961,0.275,8.590,null,89929604,13.003,0.0218,12.622,0.0207,12.512,0.0256,0.404862,262.129375
324.6017143,25.3785618,0.0817,0.0793,-0.0067,12.709,0.033,32.9,1.454E+01,12.727,0.065,16.7,2.304E+00,1,0,0000,AA,0,57535.34654654,3250125701351015187,12.414,0.023,12.432,0.024,11.961,0.275,8.590,null,89929604,13.003,0.0218,12.622,0.0207,12.512,0.0256,0.591232,233.277903
324.6020198,25.3784006,0.2015,0.1717,-0.0296,14.179,0.064,17.0,9.169E+00,14.230,0.198,5.5,1.273E+00,1,0,0000,AB,0,57535.47757722,3250125701351015187,12.414,0.023,12.432,0.024,11.961,0.275,8.590,null,89929604,13.003,0.0218,12.622,0.0207,12.512,0.0256,1.068742,150.900224
